parameter,value,description
avg_rounds,10,Average number of rounds per pairing
rounds_fixed,false,Whether rounds are fixed (true) or stochastic/Poisson (false)
total_pairings,200,Total number of pairings to run
allow_gossip,true,Whether agents can share information about others after pairings
memory_limit,500,Maximum characters for memory about each other agent
max_communication_rounds,3,Maximum back-and-forth messages before move decision
game_proportions,"pd:40,sh:25,hd:20,coord:15",Relative proportions of game types (pd=prisoners dilemma sh=stag hunt hd=hawk-dove coord=coordination)
game_varies_across_pairings,true,If true game type set per pairing. If false can change each round within pairing
allow_thinking,true,Whether agents can use thinking tags for private thoughts
